REFERENCIA ENCO;Z;DP;DE;D;L;A;B
1.50.09;9;46,42;53;28;25;15;19
1.50.10;10;51,37;58;33;25;15;22
1.50.11;11;56,35;64;38;25;15;25
1.50.12;12;61,34;69;44;25;15;29
1.50.13;13;66,34;74;48;25;15;32
1.50.14;14;71,34;79;53;25;17;35
1.50.15;15;76,36;84;59;25;17;39
1.50.16;16;81,37;89;64;25;17;43
1.50.17;17;86,40;94;69;25;17;46
1.50.18;18;91,42;100;74;25;17;49
1.50.19;19;96,45;105;79;30;17;53
1.50.20;20;101,48;110;84;30;20;56
1.50.21;21;106,51;115;89;30;20;59
1.50.22;22;111,55;120;94;30;20;63
1.50.23;23;116,59;125;99;30;20;66
1.50.24;24;121,62;130;100;34;20;67
1.50.25;25;126,66;135;100;34;20;67
1.50.26;26;131,70;140;110;34;20;73
1.50.27;27;136,74;145;110;34;20;73
1.50.28;28;141,79;150;86;37;20;57
1.50.30;30;151,87;161;86;37;20;57
1.50.35;35;177,10;186;86;37;20;57
1.50.38;38;192,24;201;86;37;25;57
1.50.40;40;202,34;211;86;40;25;57
1.50.45;45;227,58;237;86;40;25;57
1.50.48;48;242,73;252;98;40;25;65
1.50.54;54;273,03;282;98;40;25;65
1.50.57;57;288,18;298;98;40;25;65
1.50.60;60;303,33;312;98;40;25;65
1.50.76;76;384,15;394;98;40;30;65
1.50.95;95;480,14;490;110;40;30;73
